{"cameraMode":{"drawMode":0,"name":"Shaded","section":"Shading Mode"},"sceneLighting":true,"audioPlay":false,"sceneViewState":{"showFog":true,"showMaterialUpdate":true,"showSkybox":false,"showFlares":true,"showImageEffects":true,"showParticleSystems":true},"in2DMode":false,"pivot":{"x":0.6176305413246155,"y":0.935117781162262,"z":1.4560540914535523},"rotation":{"x":0.09357570111751557,"y":-0.3971761167049408,"z":0.04095536470413208,"w":0.9121972322463989},"size":1.4289418458938599,"orthographic":false}