{"cameraMode":{"drawMode":0,"name":"Shaded","section":"Shading Mode"},"sceneLighting":false,"audioPlay":false,"sceneViewState":{"showFog":true,"showMaterialUpdate":true,"showSkybox":false,"showFlares":true,"showImageEffects":true,"showParticleSystems":true},"in2DMode":false,"pivot":{"x":-0.019130289554595948,"y":0.8318713903427124,"z":0.12740188837051392},"rotation":{"x":-0.09546102583408356,"y":0.8528572916984558,"z":-0.16783110797405244,"w":-0.4851539433002472},"size":4.029425144195557,"orthographic":false}