{"cameraMode":{"drawMode":0,"name":"Shaded","section":"Shading Mode"},"sceneLighting":false,"audioPlay":false,"sceneViewState":{"showFog":true,"showMaterialUpdate":true,"showSkybox":false,"showFlares":true,"showImageEffects":true,"showParticleSystems":true},"in2DMode":false,"pivot":{"x":-1.072442650794983,"y":4.315271377563477,"z":1.7720732688903809},"rotation":{"x":0.31004056334495547,"y":-0.27791962027549746,"z":0.09538113325834274,"w":0.9043313264846802},"size":21.886249542236329,"orthographic":false}