{"cameraMode":{"drawMode":0,"name":"Shaded","section":"Shading Mode"},"sceneLighting":false,"audioPlay":false,"sceneViewState":{"showFog":true,"showMaterialUpdate":true,"showSkybox":false,"showFlares":true,"showImageEffects":true,"showParticleSystems":true},"in2DMode":false,"pivot":{"x":-83.44355773925781,"y":26.8886775970459,"z":16.861434936523439},"rotation":{"x":-0.10248411446809769,"y":0.885802686214447,"z":-0.2340310513973236,"w":-0.3878185749053955},"size":53.4896125793457,"orthographic":false}