{"cameraMode":{"drawMode":0,"name":"Shaded","section":"Shading Mode"},"sceneLighting":false,"audioPlay":false,"sceneViewState":{"showFog":true,"showMaterialUpdate":true,"showSkybox":false,"showFlares":true,"showImageEffects":true,"showParticleSystems":true},"in2DMode":false,"pivot":{"x":6.980310440063477,"y":1.0704030990600587,"z":5.151950836181641},"rotation":{"x":-0.0018120076274499298,"y":-0.9111142754554749,"z":-0.003780523780733347,"w":0.4124778211116791},"size":5.532369136810303,"orthographic":false}