{"cameraMode":{"drawMode":0,"name":"Shaded","section":"Shading Mode"},"sceneLighting":false,"audioPlay":false,"sceneViewState":{"showFog":true,"showMaterialUpdate":true,"showSkybox":false,"showFlares":true,"showImageEffects":true,"showParticleSystems":true},"in2DMode":false,"pivot":{"x":-0.18799138069152833,"y":1.1842750310897828,"z":2.38507080078125},"rotation":{"x":-0.11155494302511215,"y":0.8480037450790405,"z":-0.19748003780841828,"w":-0.47902849316596987},"size":4.315310001373291,"orthographic":false}