{"cameraMode":{"drawMode":0,"name":"Shaded","section":"Shading Mode"},"sceneLighting":false,"audioPlay":false,"sceneViewState":{"showFog":true,"showMaterialUpdate":true,"showSkybox":false,"showFlares":true,"showImageEffects":true,"showParticleSystems":true},"in2DMode":false,"pivot":{"x":27.71053123474121,"y":8.337203025817871,"z":22.155466079711915},"rotation":{"x":0.049212533980607989,"y":-0.8926042914390564,"z":0.10126195102930069,"w":0.43689262866973879},"size":4.315310001373291,"orthographic":false}