{"cameraMode":{"drawMode":0,"name":"Shaded","section":"Shading Mode"},"sceneLighting":false,"audioPlay":false,"sceneViewState":{"showFog":true,"showMaterialUpdate":true,"showSkybox":false,"showFlares":true,"showImageEffects":true,"showParticleSystems":true},"in2DMode":false,"pivot":{"x":-0.18706893920898438,"y":3.589315891265869,"z":2.780837059020996},"rotation":{"x":0.31004056334495547,"y":-0.27791962027549746,"z":0.09538113325834274,"w":0.9043313264846802},"size":23.7924747467041,"orthographic":false}