{"cameraMode":{"drawMode":0,"name":"Shaded","section":"Shading Mode"},"sceneLighting":true,"audioPlay":false,"sceneViewState":{"showFog":true,"showMaterialUpdate":true,"showSkybox":false,"showFlares":true,"showImageEffects":true,"showParticleSystems":true},"in2DMode":false,"pivot":{"x":-36.294002532958987,"y":8.110053062438965,"z":6.1211137771606449},"rotation":{"x":-0.16769053041934968,"y":0.05969468504190445,"z":-0.010174562223255635,"w":-0.9839803576469421},"size":4.315310478210449,"orthographic":false}