{"cameraMode":{"drawMode":0,"name":"Shaded","section":"Shading Mode"},"sceneLighting":true,"audioPlay":false,"sceneViewState":{"showFog":true,"showMaterialUpdate":true,"showSkybox":false,"showFlares":true,"showImageEffects":true,"showParticleSystems":true},"in2DMode":false,"pivot":{"x":-37.858497619628909,"y":8.447908401489258,"z":42.7711067199707},"rotation":{"x":-0.3890146315097809,"y":0.03093588538467884,"z":-0.01307596080005169,"w":-0.9206222295761108},"size":4.315310001373291,"orthographic":false}