{"cameraMode":{"drawMode":0,"name":"Shaded","section":"Shading Mode"},"sceneLighting":false,"audioPlay":false,"sceneViewState":{"showFog":true,"showMaterialUpdate":true,"showSkybox":false,"showFlares":true,"showImageEffects":true,"showParticleSystems":true},"in2DMode":false,"pivot":{"x":-0.8670265674591065,"y":3.8807592391967775,"z":-0.4098743200302124},"rotation":{"x":0.31004056334495547,"y":-0.27791962027549746,"z":0.09538113325834274,"w":0.9043313264846802},"size":19.816877365112306,"orthographic":false}