{"cameraMode":{"drawMode":0,"name":"Shaded","section":"Shading Mode"},"sceneLighting":false,"audioPlay":false,"sceneViewState":{"showFog":true,"showMaterialUpdate":true,"showSkybox":false,"showFlares":true,"showImageEffects":true,"showParticleSystems":true},"in2DMode":false,"pivot":{"x":1.1920928955078126e-7,"y":1.0367224216461182,"z":-0.1381077766418457},"rotation":{"x":-0.027927089482545854,"y":0.9630264043807983,"z":-0.11214364320039749,"w":-0.24399198591709138},"size":5.644490718841553,"orthographic":false}