{"cameraMode":{"drawMode":0,"name":"Shaded","section":"Shading Mode"},"sceneLighting":false,"audioPlay":false,"sceneViewState":{"showFog":true,"showMaterialUpdate":true,"showSkybox":false,"showFlares":true,"showImageEffects":true,"showParticleSystems":true},"in2DMode":false,"pivot":{"x":0.0,"y":1.0656453371047974,"z":0.1953842043876648},"rotation":{"x":0.0007683145231567323,"y":-0.986977756023407,"z":0.16161949932575227,"w":0.006614134181290865},"size":5.626511096954346,"orthographic":false}