{"cameraMode":{"drawMode":0,"name":"Shaded","section":"Shading Mode"},"sceneLighting":false,"audioPlay":false,"sceneViewState":{"showFog":true,"showMaterialUpdate":true,"showSkybox":false,"showFlares":true,"showImageEffects":true,"showParticleSystems":true},"in2DMode":false,"pivot":{"x":1.463375449180603,"y":-0.3333435654640198,"z":-1.4892081022262574},"rotation":{"x":-0.02240763045847416,"y":-0.9242510199546814,"z":0.05434584617614746,"w":-0.3776114583015442},"size":2.857893466949463,"orthographic":false}