{"cameraMode":{"drawMode":0,"name":"Shaded","section":"Shading Mode"},"sceneLighting":false,"audioPlay":false,"sceneViewState":{"showFog":true,"showMaterialUpdate":true,"showSkybox":false,"showFlares":true,"showImageEffects":true,"showParticleSystems":true},"in2DMode":false,"pivot":{"x":0.0,"y":0.9554004073143005,"z":0.030196964740753175},"rotation":{"x":-0.02502831071615219,"y":-0.9161506295204163,"z":0.3963265120983124,"w":-0.05707349628210068},"size":5.061761379241943,"orthographic":false}