{"cameraMode":{"drawMode":0,"name":"Shaded","section":"Shading Mode"},"sceneLighting":false,"audioPlay":false,"sceneViewState":{"showFog":true,"showMaterialUpdate":true,"showSkybox":false,"showFlares":true,"showImageEffects":true,"showParticleSystems":true},"in2DMode":false,"pivot":{"x":-0.02845732495188713,"y":1.1324055194854737,"z":-1.2201488018035889},"rotation":{"x":0.0007683145231567323,"y":-0.986977756023407,"z":0.16161949932575227,"w":0.006614134181290865},"size":6.11430025100708,"orthographic":false}