{"cameraMode":{"drawMode":0,"name":"Shaded","section":"Shading Mode"},"sceneLighting":true,"audioPlay":false,"sceneViewState":{"showFog":true,"showMaterialUpdate":true,"showSkybox":false,"showFlares":true,"showImageEffects":true,"showParticleSystems":true},"in2DMode":false,"pivot":{"x":-36.29651641845703,"y":20.06824493408203,"z":73.31082916259766},"rotation":{"x":0.21177847683429719,"y":0.6500483155250549,"z":-0.19619086384773255,"w":0.7031465768814087},"size":22.0,"orthographic":false}