{"cameraMode":{"drawMode":0,"name":"Shaded","section":"Shading Mode"},"sceneLighting":false,"audioPlay":false,"sceneViewState":{"showFog":true,"showMaterialUpdate":true,"showSkybox":false,"showFlares":true,"showImageEffects":true,"showParticleSystems":true},"in2DMode":false,"pivot":{"x":13.073127746582032,"y":106.55867767333985,"z":248.13470458984376},"rotation":{"x":0.25962531566619875,"y":-0.4272283911705017,"z":0.1294870674610138,"w":0.8565160632133484},"size":503.3236083984375,"orthographic":false}