{"cameraMode":{"drawMode":0,"name":"Shaded","section":"Shading Mode"},"sceneLighting":true,"audioPlay":false,"sceneViewState":{"showFog":true,"showMaterialUpdate":true,"showSkybox":false,"showFlares":true,"showImageEffects":true,"showParticleSystems":true},"in2DMode":false,"pivot":{"x":-40.7532958984375,"y":1.1801674365997315,"z":47.77983856201172},"rotation":{"x":-0.06002601981163025,"y":0.8776587247848511,"z":-0.11412658542394638,"w":-0.4616134762763977},"size":4.315310478210449,"orthographic":false}