{"cameraMode":{"drawMode":0,"name":"Shaded","section":"Shading Mode"},"sceneLighting":false,"audioPlay":false,"sceneViewState":{"showFog":true,"showMaterialUpdate":true,"showSkybox":false,"showFlares":true,"showImageEffects":true,"showParticleSystems":true},"in2DMode":false,"pivot":{"x":0.09356546401977539,"y":1.3172131776809693,"z":-0.0744476318359375},"rotation":{"x":0.002035808051005006,"y":-0.9976896047592163,"z":-0.04163617268204689,"w":-0.05629296228289604},"size":5.299683094024658,"orthographic":false}