{"cameraMode":{"drawMode":0,"name":"Shaded","section":"Shading Mode"},"sceneLighting":false,"audioPlay":false,"sceneViewState":{"showFog":true,"showMaterialUpdate":true,"showSkybox":false,"showFlares":true,"showImageEffects":true,"showParticleSystems":true},"in2DMode":false,"pivot":{"x":-40.8915901184082,"y":0.9327384829521179,"z":50.079280853271487},"rotation":{"x":-0.01998189650475979,"y":0.978666365146637,"z":-0.16829657554626466,"w":-0.11622354388237},"size":2.378396987915039,"orthographic":false}