{"cameraMode":{"drawMode":0,"name":"Shaded","section":"Shading Mode"},"sceneLighting":false,"audioPlay":false,"sceneViewState":{"showFog":true,"showMaterialUpdate":true,"showSkybox":false,"showFlares":true,"showImageEffects":true,"showParticleSystems":true},"in2DMode":false,"pivot":{"x":-0.12534165382385255,"y":1.4600878953933716,"z":4.322887897491455},"rotation":{"x":0.08087383210659027,"y":-0.8008991479873657,"z":0.1116819903254509,"w":0.5829576849937439},"size":4.315310001373291,"orthographic":false}