{"cameraMode":{"drawMode":0,"name":"Shaded","section":"Shading Mode"},"sceneLighting":true,"audioPlay":false,"sceneViewState":{"showFog":true,"showMaterialUpdate":true,"showSkybox":false,"showFlares":true,"showImageEffects":true,"showParticleSystems":true},"in2DMode":false,"pivot":{"x":7.831396102905273,"y":-2.7215187549591066,"z":20.942501068115236},"rotation":{"x":-0.28153276443481448,"y":-0.5979605913162231,"z":0.2370164543390274,"w":-0.7122848629951477},"size":40.657081604003909,"orthographic":false}